aircraft_id,model,manufacturer,capacity,manufacture_year,status,airline
AC00001,A321neo,Airbus,244,2008,Active,AtlanticJet
AC00002,A320neo,Airbus,186,2012,Active,GlobalWings
AC00003,A321neo,Airbus,244,2008,Retired,AeroSky
AC00004,E190,Embraer,114,2018,Active,AeroSky
AC00005,B737-800,Boeing,189,2011,Active,PacificAero
AC00006,E190,Embraer,114,2005,Retired,GlobalWings
AC00007,A321neo,Airbus,244,2025,Retired,NovaAir
AC00008,B787-9,Boeing,296,2019,Retired,SkyBridge
AC00009,B737-800,Boeing,189,2010,Maintenance,SkyBridge
AC00010,A320neo,Airbus,186,2009,Active,SkyBridge
AC00011,B737-800,Boeing,189,2007,Maintenance,AeroSky
AC00012,A320neo,Airbus,186,2016,Retired,SkyBridge
AC00013,B737-800,Boeing,189,2019,Retired,AeroSky
AC00014,A350-900,Airbus,325,2007,Retired,SkyBridge
AC00015,A321neo,Airbus,244,2024,Active,PacificAero
AC00016,B787-9,Boeing,296,2007,Active,AtlanticJet
AC00017,B787-9,Boeing,296,2014,Active,GlobalWings
AC00018,B737-800,Boeing,189,2017,Active,NovaAir
AC00019,A321neo,Airbus,244,2016,Active,SkyBridge
AC00020,A320neo,Airbus,186,2011,Active,AtlanticJet
AC00021,A321neo,Airbus,244,2025,Active,PacificAero
AC00022,A321neo,Airbus,244,2010,Retired,AtlanticJet
AC00023,B787-9,Boeing,296,2010,Maintenance,NovaAir
AC00024,A320neo,Airbus,186,2025,Retired,GlobalWings
AC00025,A321neo,Airbus,244,2015,Active,GlobalWings
AC00026,B737-800,Boeing,189,2015,Maintenance,SkyBridge
AC00027,B737-800,Boeing,189,2011,Retired,AtlanticJet
AC00028,A320neo,Airbus,186,2011,Maintenance,NovaAir
AC00029,A321neo,Airbus,244,2019,Active,SkyBridge
AC00030,B787-9,Boeing,296,2012,Retired,PacificAero
AC00031,A320neo,Airbus,186,2023,Maintenance,PacificAero
AC00032,A350-900,Airbus,325,2016,Active,GlobalWings
AC00033,E190,Embraer,114,2020,Active,AeroSky
AC00034,B737-800,Boeing,189,2009,Active,AtlanticJet
AC00035,A350-900,Airbus,325,2024,Active,NovaAir
AC00036,A350-900,Airbus,325,2024,Maintenance,PacificAero
AC00037,A320neo,Airbus,186,2022,Active,AtlanticJet
AC00038,A321neo,Airbus,244,2008,Retired,SkyBridge
AC00039,A321neo,Airbus,244,2015,Active,SkyBridge
AC00040,A350-900,Airbus,325,2010,Maintenance,AeroSky
AC00041,A321neo,Airbus,244,2013,Retired,GlobalWings
AC00042,E190,Embraer,114,2008,Active,AtlanticJet
AC00043,E190,Embraer,114,2024,Active,GlobalWings
AC00044,A320neo,Airbus,186,2010,Retired,PacificAero
AC00045,B737-800,Boeing,189,2024,Active,NovaAir
AC00046,B737-800,Boeing,189,2008,Active,SkyBridge
AC00047,B787-9,Boeing,296,2006,Active,PacificAero
AC00048,B737-800,Boeing,189,2007,Maintenance,AeroSky
AC00049,E190,Embraer,114,2009,Active,AtlanticJet
AC00050,A350-900,Airbus,325,2022,Active,SkyBridge
AC00051,E190,Embraer,114,2024,Maintenance,GlobalWings
AC00052,E190,Embraer,114,2011,Active,NovaAir
AC00053,A321neo,Airbus,244,2025,Active,NovaAir
AC00054,E190,Embraer,114,2019,Active,GlobalWings
AC00055,B787-9,Boeing,296,2007,Active,AeroSky
AC00056,E190,Embraer,114,2022,Active,PacificAero
AC00057,B787-9,Boeing,296,2005,Active,AtlanticJet
AC00058,A321neo,Airbus,244,2006,Active,AeroSky
AC00059,B737-800,Boeing,189,2015,Active,PacificAero
AC00060,B787-9,Boeing,296,2013,Maintenance,GlobalWings
AC00061,E190,Embraer,114,2009,Retired,PacificAero
AC00062,A350-900,Airbus,325,2012,Maintenance,NovaAir
AC00063,B787-9,Boeing,296,2008,Active,AtlanticJet
AC00064,A350-900,Airbus,325,2016,Maintenance,NovaAir
AC00065,A350-900,Airbus,325,2006,Active,AeroSky
AC00066,A350-900,Airbus,325,2015,Active,GlobalWings
AC00067,B787-9,Boeing,296,2011,Retired,NovaAir
AC00068,B787-9,Boeing,296,2018,Active,SkyBridge
AC00069,A350-900,Airbus,325,2012,Active,NovaAir
AC00070,E190,Embraer,114,2008,Active,AtlanticJet
AC00071,E190,Embraer,114,2005,Active,GlobalWings
AC00072,B787-9,Boeing,296,2018,Maintenance,NovaAir
AC00073,B787-9,Boeing,296,2017,Active,GlobalWings
AC00074,A350-900,Airbus,325,2005,Maintenance,SkyBridge
AC00075,A350-900,Airbus,325,2014,Maintenance,AtlanticJet
AC00076,A321neo,Airbus,244,2022,Maintenance,GlobalWings
AC00077,B787-9,Boeing,296,2014,Active,AeroSky
AC00078,E190,Embraer,114,2022,Active,AtlanticJet
AC00079,A320neo,Airbus,186,2006,Active,PacificAero
AC00080,A350-900,Airbus,325,2021,Retired,GlobalWings
AC00081,B737-800,Boeing,189,2021,Active,GlobalWings
AC00082,B737-800,Boeing,189,2024,Active,AtlanticJet
AC00083,B787-9,Boeing,296,2017,Active,PacificAero
AC00084,B787-9,Boeing,296,2023,Retired,AeroSky
AC00085,E190,Embraer,114,2007,Maintenance,AtlanticJet
AC00086,E190,Embraer,114,2023,Retired,SkyBridge
AC00087,A320neo,Airbus,186,2011,Active,GlobalWings
AC00088,A320neo,Airbus,186,2017,Active,AtlanticJet
AC00089,A321neo,Airbus,244,2014,Maintenance,SkyBridge
AC00090,B737-800,Boeing,189,2005,Maintenance,PacificAero
AC00091,E190,Embraer,114,2008,Active,PacificAero
AC00092,B787-9,Boeing,296,2021,Active,GlobalWings
AC00093,A320neo,Airbus,186,2007,Active,SkyBridge
AC00094,A320neo,Airbus,186,2010,Maintenance,PacificAero
AC00095,A321neo,Airbus,244,2014,Retired,AtlanticJet
AC00096,E190,Embraer,114,2005,Retired,SkyBridge
AC00097,A321neo,Airbus,244,2008,Active,SkyBridge
AC00098,B737-800,Boeing,189,2008,Retired,GlobalWings
AC00099,A320neo,Airbus,186,2014,Retired,GlobalWings
AC00100,A321neo,Airbus,244,2015,Active,AtlanticJet
AC00101,A321neo,Airbus,244,2013,Retired,NovaAir
AC00102,A320neo,Airbus,186,2006,Active,AtlanticJet
AC00103,A350-900,Airbus,325,2013,Active,AeroSky
AC00104,A320neo,Airbus,186,2009,Active,GlobalWings
AC00105,A321neo,Airbus,244,2019,Retired,AtlanticJet
AC00106,A350-900,Airbus,325,2022,Active,AeroSky
AC00107,B737-800,Boeing,189,2009,Retired,AeroSky
AC00108,A320neo,Airbus,186,2023,Retired,GlobalWings
AC00109,A350-900,Airbus,325,2009,Active,SkyBridge
AC00110,A320neo,Airbus,186,2006,Active,GlobalWings
AC00111,A321neo,Airbus,244,2012,Active,SkyBridge
AC00112,E190,Embraer,114,2018,Retired,AtlanticJet
AC00113,B787-9,Boeing,296,2012,Active,GlobalWings
AC00114,A350-900,Airbus,325,2005,Active,AtlanticJet
AC00115,A320neo,Airbus,186,2018,Active,SkyBridge
AC00116,B787-9,Boeing,296,2008,Maintenance,AeroSky
AC00117,A350-900,Airbus,325,2012,Active,NovaAir
AC00118,A320neo,Airbus,186,2014,Active,GlobalWings
AC00119,B737-800,Boeing,189,2011,Maintenance,SkyBridge
AC00120,A320neo,Airbus,186,2007,Active,SkyBridge
AC00121,A321neo,Airbus,244,2021,Maintenance,AtlanticJet
AC00122,E190,Embraer,114,2015,Active,AeroSky
AC00123,A320neo,Airbus,186,2010,Retired,SkyBridge
AC00124,B737-800,Boeing,189,2008,Retired,NovaAir
AC00125,A320neo,Airbus,186,2015,Maintenance,PacificAero
AC00126,E190,Embraer,114,2008,Maintenance,PacificAero
AC00127,B787-9,Boeing,296,2013,Active,AtlanticJet
AC00128,A350-900,Airbus,325,2005,Retired,PacificAero
AC00129,A321neo,Airbus,244,2011,Active,NovaAir
AC00130,B737-800,Boeing,189,2015,Retired,SkyBridge
AC00131,A321neo,Airbus,244,2008,Active,PacificAero
AC00132,A320neo,Airbus,186,2018,Active,NovaAir
AC00133,A321neo,Airbus,244,2014,Retired,GlobalWings
AC00134,B787-9,Boeing,296,2018,Maintenance,AtlanticJet
AC00135,A321neo,Airbus,244,2010,Retired,PacificAero
AC00136,A320neo,Airbus,186,2017,Retired,AeroSky
AC00137,A320neo,Airbus,186,2014,Active,NovaAir
AC00138,E190,Embraer,114,2024,Active,NovaAir
AC00139,A350-900,Airbus,325,2019,Active,PacificAero
AC00140,A350-900,Airbus,325,2010,Active,SkyBridge
AC00141,E190,Embraer,114,2025,Retired,SkyBridge
AC00142,B737-800,Boeing,189,2012,Active,GlobalWings
AC00143,B787-9,Boeing,296,2009,Active,AeroSky
AC00144,B787-9,Boeing,296,2020,Retired,AeroSky
AC00145,A350-900,Airbus,325,2018,Retired,GlobalWings
AC00146,A321neo,Airbus,244,2017,Maintenance,NovaAir
AC00147,B787-9,Boeing,296,2009,Active,AeroSky
AC00148,A350-900,Airbus,325,2012,Active,AtlanticJet
AC00149,E190,Embraer,114,2019,Active,PacificAero
AC00150,B787-9,Boeing,296,2008,Maintenance,GlobalWings
AC00151,A350-900,Airbus,325,2021,Retired,PacificAero
AC00152,A320neo,Airbus,186,2019,Retired,AtlanticJet
AC00153,E190,Embraer,114,2018,Retired,NovaAir
AC00154,B787-9,Boeing,296,2020,Maintenance,SkyBridge
AC00155,B787-9,Boeing,296,2025,Active,PacificAero
AC00156,A350-900,Airbus,325,2025,Active,SkyBridge
AC00157,A350-900,Airbus,325,2007,Active,GlobalWings
AC00158,A320neo,Airbus,186,2015,Active,PacificAero
AC00159,B737-800,Boeing,189,2009,Active,GlobalWings
AC00160,A350-900,Airbus,325,2009,Active,AeroSky
AC00161,A350-900,Airbus,325,2018,Active,PacificAero
AC00162,A350-900,Airbus,325,2018,Active,GlobalWings
AC00163,A350-900,Airbus,325,2017,Retired,AtlanticJet
AC00164,B737-800,Boeing,189,2023,Maintenance,NovaAir
AC00165,B737-800,Boeing,189,2016,Active,NovaAir
AC00166,A350-900,Airbus,325,2022,Retired,PacificAero
AC00167,B787-9,Boeing,296,2020,Active,SkyBridge
AC00168,A350-900,Airbus,325,2020,Active,NovaAir
AC00169,A320neo,Airbus,186,2017,Active,NovaAir
AC00170,B787-9,Boeing,296,2024,Retired,AeroSky
AC00171,A350-900,Airbus,325,2023,Retired,AtlanticJet
AC00172,B737-800,Boeing,189,2007,Maintenance,GlobalWings
AC00173,A350-900,Airbus,325,2010,Active,SkyBridge
AC00174,A350-900,Airbus,325,2015,Active,NovaAir
AC00175,A320neo,Airbus,186,2015,Maintenance,SkyBridge
AC00176,A350-900,Airbus,325,2013,Active,NovaAir
AC00177,B737-800,Boeing,189,2022,Active,SkyBridge
AC00178,B787-9,Boeing,296,2025,Active,AtlanticJet
AC00179,B737-800,Boeing,189,2005,Active,GlobalWings
AC00180,B737-800,Boeing,189,2024,Active,GlobalWings
AC00181,B787-9,Boeing,296,2020,Active,PacificAero
AC00182,B787-9,Boeing,296,2019,Active,SkyBridge
AC00183,B787-9,Boeing,296,2024,Retired,AtlanticJet
AC00184,A321neo,Airbus,244,2008,Active,SkyBridge
AC00185,B737-800,Boeing,189,2023,Active,SkyBridge
AC00186,E190,Embraer,114,2017,Maintenance,AtlanticJet
AC00187,B787-9,Boeing,296,2007,Retired,AtlanticJet
AC00188,A321neo,Airbus,244,2012,Active,AtlanticJet
AC00189,A320neo,Airbus,186,2024,Active,PacificAero
AC00190,B737-800,Boeing,189,2016,Retired,NovaAir
AC00191,A321neo,Airbus,244,2016,Active,PacificAero
AC00192,A321neo,Airbus,244,2015,Active,NovaAir
AC00193,A350-900,Airbus,325,2008,Maintenance,SkyBridge
AC00194,A321neo,Airbus,244,2019,Active,NovaAir
AC00195,B787-9,Boeing,296,2021,Active,PacificAero
AC00196,E190,Embraer,114,2020,Maintenance,NovaAir
AC00197,A321neo,Airbus,244,2023,Active,SkyBridge
AC00198,B787-9,Boeing,296,2007,Active,NovaAir
AC00199,B787-9,Boeing,296,2019,Retired,PacificAero
AC00200,A321neo,Airbus,244,2017,Active,AeroSky
AC00201,A350-900,Airbus,325,2015,Active,NovaAir
AC00202,B787-9,Boeing,296,2016,Active,SkyBridge
AC00203,A320neo,Airbus,186,2024,Active,PacificAero
AC00204,B737-800,Boeing,189,2021,Active,AeroSky
AC00205,B787-9,Boeing,296,2018,Maintenance,PacificAero
AC00206,B787-9,Boeing,296,2020,Maintenance,NovaAir
AC00207,B737-800,Boeing,189,2007,Active,GlobalWings
AC00208,A350-900,Airbus,325,2012,Active,AtlanticJet
AC00209,E190,Embraer,114,2016,Maintenance,PacificAero
AC00210,E190,Embraer,114,2016,Maintenance,AtlanticJet
AC00211,E190,Embraer,114,2015,Active,AtlanticJet
AC00212,A350-900,Airbus,325,2013,Active,SkyBridge
AC00213,B787-9,Boeing,296,2008,Active,SkyBridge
AC00214,B737-800,Boeing,189,2022,Active,GlobalWings
AC00215,B787-9,Boeing,296,2020,Active,AtlanticJet
AC00216,E190,Embraer,114,2021,Retired,SkyBridge
AC00217,B737-800,Boeing,189,2011,Active,GlobalWings
AC00218,A320neo,Airbus,186,2010,Active,AeroSky
AC00219,A321neo,Airbus,244,2022,Active,SkyBridge
AC00220,B737-800,Boeing,189,2006,Retired,SkyBridge
AC00221,A321neo,Airbus,244,2009,Maintenance,AeroSky
AC00222,B737-800,Boeing,189,2023,Active,NovaAir
AC00223,A350-900,Airbus,325,2019,Active,GlobalWings
AC00224,B737-800,Boeing,189,2013,Maintenance,AeroSky
AC00225,B737-800,Boeing,189,2017,Maintenance,AeroSky
AC00226,E190,Embraer,114,2025,Active,GlobalWings
AC00227,B787-9,Boeing,296,2023,Active,AeroSky
AC00228,B787-9,Boeing,296,2008,Retired,NovaAir
AC00229,E190,Embraer,114,2024,Retired,GlobalWings
AC00230,E190,Embraer,114,2017,Maintenance,NovaAir
AC00231,A320neo,Airbus,186,2023,Maintenance,SkyBridge
AC00232,E190,Embraer,114,2024,Active,PacificAero
AC00233,A321neo,Airbus,244,2008,Active,AtlanticJet
AC00234,B787-9,Boeing,296,2013,Active,GlobalWings
AC00235,B787-9,Boeing,296,2010,Retired,AeroSky
AC00236,B787-9,Boeing,296,2005,Maintenance,NovaAir
AC00237,A321neo,Airbus,244,2024,Maintenance,SkyBridge
AC00238,B737-800,Boeing,189,2012,Active,AtlanticJet
AC00239,A320neo,Airbus,186,2019,Active,AtlanticJet
AC00240,B787-9,Boeing,296,2013,Retired,AtlanticJet
AC00241,B787-9,Boeing,296,2018,Active,PacificAero
AC00242,B787-9,Boeing,296,2025,Active,SkyBridge
AC00243,B787-9,Boeing,296,2007,Active,GlobalWings
AC00244,A320neo,Airbus,186,2024,Retired,SkyBridge
AC00245,A350-900,Airbus,325,2008,Maintenance,AtlanticJet
AC00246,A320neo,Airbus,186,2017,Active,PacificAero
AC00247,E190,Embraer,114,2020,Maintenance,AeroSky
AC00248,E190,Embraer,114,2006,Maintenance,AtlanticJet
AC00249,A320neo,Airbus,186,2024,Active,AeroSky
AC00250,B737-800,Boeing,189,2012,Retired,PacificAero
AC00251,B737-800,Boeing,189,2013,Retired,AeroSky
AC00252,B787-9,Boeing,296,2020,Retired,AtlanticJet
AC00253,A350-900,Airbus,325,2013,Active,PacificAero
AC00254,A350-900,Airbus,325,2025,Maintenance,AeroSky
AC00255,A350-900,Airbus,325,2016,Maintenance,SkyBridge
AC00256,A320neo,Airbus,186,2008,Active,SkyBridge
AC00257,A350-900,Airbus,325,2020,Active,AtlanticJet
AC00258,A350-900,Airbus,325,2022,Active,NovaAir
AC00259,B737-800,Boeing,189,2015,Active,SkyBridge
AC00260,B737-800,Boeing,189,2017,Retired,AeroSky
AC00261,A321neo,Airbus,244,2022,Maintenance,NovaAir
AC00262,B737-800,Boeing,189,2011,Retired,SkyBridge
AC00263,E190,Embraer,114,2020,Maintenance,AeroSky
AC00264,B787-9,Boeing,296,2013,Retired,GlobalWings
AC00265,A320neo,Airbus,186,2019,Maintenance,AeroSky
AC00266,B737-800,Boeing,189,2025,Retired,GlobalWings
AC00267,A321neo,Airbus,244,2010,Active,PacificAero
AC00268,B737-800,Boeing,189,2022,Maintenance,AeroSky
AC00269,B787-9,Boeing,296,2008,Maintenance,AeroSky
AC00270,A321neo,Airbus,244,2009,Maintenance,AtlanticJet
AC00271,A320neo,Airbus,186,2021,Active,NovaAir
AC00272,A350-900,Airbus,325,2020,Active,NovaAir
AC00273,E190,Embraer,114,2009,Maintenance,GlobalWings
AC00274,E190,Embraer,114,2021,Active,AeroSky
AC00275,A320neo,Airbus,186,2018,Active,PacificAero
AC00276,A320neo,Airbus,186,2005,Active,AtlanticJet
AC00277,A320neo,Airbus,186,2023,Retired,AtlanticJet
AC00278,A350-900,Airbus,325,2009,Maintenance,PacificAero
AC00279,A350-900,Airbus,325,2016,Active,PacificAero
AC00280,E190,Embraer,114,2017,Maintenance,SkyBridge
AC00281,B787-9,Boeing,296,2012,Retired,NovaAir
AC00282,B787-9,Boeing,296,2018,Active,SkyBridge
AC00283,A321neo,Airbus,244,2020,Maintenance,NovaAir
AC00284,A321neo,Airbus,244,2025,Active,NovaAir
AC00285,B737-800,Boeing,189,2009,Retired,PacificAero
AC00286,A320neo,Airbus,186,2008,Maintenance,AeroSky
AC00287,E190,Embraer,114,2019,Active,AtlanticJet
AC00288,B787-9,Boeing,296,2018,Active,AeroSky
AC00289,A350-900,Airbus,325,2013,Active,PacificAero
AC00290,A321neo,Airbus,244,2017,Active,SkyBridge
AC00291,A321neo,Airbus,244,2022,Maintenance,SkyBridge
AC00292,A321neo,Airbus,244,2020,Retired,AeroSky
AC00293,E190,Embraer,114,2007,Active,AtlanticJet
AC00294,A321neo,Airbus,244,2014,Active,AtlanticJet
AC00295,B737-800,Boeing,189,2018,Active,AtlanticJet
AC00296,A321neo,Airbus,244,2008,Maintenance,GlobalWings
AC00297,A321neo,Airbus,244,2014,Active,AeroSky
AC00298,A320neo,Airbus,186,2006,Active,SkyBridge
AC00299,A320neo,Airbus,186,2018,Active,GlobalWings
AC00300,E190,Embraer,114,2018,Retired,AtlanticJet
AC00301,B787-9,Boeing,296,2010,Active,AeroSky
AC00302,E190,Embraer,114,2017,Retired,AtlanticJet
AC00303,B787-9,Boeing,296,2020,Retired,GlobalWings
AC00304,B787-9,Boeing,296,2019,Active,NovaAir
AC00305,A320neo,Airbus,186,2005,Maintenance,SkyBridge
AC00306,A321neo,Airbus,244,2022,Active,AeroSky
AC00307,A350-900,Airbus,325,2016,Retired,SkyBridge
AC00308,A321neo,Airbus,244,2018,Active,NovaAir
AC00309,A320neo,Airbus,186,2011,Maintenance,NovaAir
AC00310,B737-800,Boeing,189,2012,Maintenance,PacificAero
AC00311,A320neo,Airbus,186,2023,Active,AtlanticJet
AC00312,A320neo,Airbus,186,2005,Maintenance,SkyBridge
AC00313,B737-800,Boeing,189,2023,Active,PacificAero
AC00314,A321neo,Airbus,244,2020,Active,GlobalWings
AC00315,E190,Embraer,114,2016,Active,AtlanticJet
AC00316,B787-9,Boeing,296,2024,Active,AtlanticJet
AC00317,A321neo,Airbus,244,2009,Active,AtlanticJet
AC00318,A321neo,Airbus,244,2006,Active,NovaAir
AC00319,B737-800,Boeing,189,2023,Active,AtlanticJet
AC00320,B787-9,Boeing,296,2007,Active,SkyBridge
AC00321,A321neo,Airbus,244,2018,Active,GlobalWings
AC00322,B787-9,Boeing,296,2022,Active,PacificAero
AC00323,E190,Embraer,114,2013,Active,SkyBridge
AC00324,A350-900,Airbus,325,2014,Active,AeroSky
AC00325,A350-900,Airbus,325,2007,Active,GlobalWings
AC00326,A321neo,Airbus,244,2017,Retired,SkyBridge
AC00327,B737-800,Boeing,189,2017,Active,SkyBridge
AC00328,E190,Embraer,114,2008,Maintenance,SkyBridge
AC00329,A321neo,Airbus,244,2013,Retired,NovaAir
AC00330,A321neo,Airbus,244,2016,Active,AtlanticJet
AC00331,B787-9,Boeing,296,2020,Active,PacificAero
AC00332,E190,Embraer,114,2015,Retired,GlobalWings
AC00333,A321neo,Airbus,244,2007,Maintenance,AtlanticJet
AC00334,A320neo,Airbus,186,2025,Maintenance,AeroSky
AC00335,B787-9,Boeing,296,2006,Active,SkyBridge
AC00336,A350-900,Airbus,325,2008,Active,GlobalWings
AC00337,E190,Embraer,114,2009,Maintenance,NovaAir
AC00338,A320neo,Airbus,186,2022,Maintenance,PacificAero
AC00339,A321neo,Airbus,244,2009,Maintenance,AtlanticJet
AC00340,B737-800,Boeing,189,2020,Retired,NovaAir
AC00341,A320neo,Airbus,186,2006,Active,GlobalWings
AC00342,A350-900,Airbus,325,2019,Active,SkyBridge
AC00343,B737-800,Boeing,189,2016,Retired,AtlanticJet
AC00344,A320neo,Airbus,186,2006,Maintenance,SkyBridge
AC00345,B787-9,Boeing,296,2008,Maintenance,AeroSky
AC00346,A321neo,Airbus,244,2011,Retired,AeroSky
AC00347,B737-800,Boeing,189,2015,Active,GlobalWings
AC00348,E190,Embraer,114,2011,Active,PacificAero
AC00349,B787-9,Boeing,296,2023,Active,GlobalWings
AC00350,A320neo,Airbus,186,2009,Retired,AeroSky
AC00351,A320neo,Airbus,186,2009,Active,PacificAero
AC00352,A320neo,Airbus,186,2010,Active,AtlanticJet
AC00353,B737-800,Boeing,189,2009,Active,SkyBridge
AC00354,B787-9,Boeing,296,2023,Active,AeroSky
AC00355,B787-9,Boeing,296,2013,Active,GlobalWings
AC00356,A321neo,Airbus,244,2018,Retired,AeroSky
AC00357,A321neo,Airbus,244,2007,Maintenance,NovaAir
AC00358,A320neo,Airbus,186,2021,Retired,AeroSky
AC00359,A350-900,Airbus,325,2021,Active,PacificAero
AC00360,B737-800,Boeing,189,2021,Active,NovaAir
AC00361,A321neo,Airbus,244,2005,Active,NovaAir
AC00362,A350-900,Airbus,325,2018,Active,NovaAir
AC00363,A321neo,Airbus,244,2019,Active,AeroSky
AC00364,A320neo,Airbus,186,2024,Active,AeroSky
AC00365,B787-9,Boeing,296,2013,Retired,AtlanticJet
AC00366,E190,Embraer,114,2022,Active,NovaAir
AC00367,E190,Embraer,114,2021,Active,NovaAir
AC00368,E190,Embraer,114,2024,Maintenance,AeroSky
AC00369,A321neo,Airbus,244,2008,Retired,AtlanticJet
AC00370,B787-9,Boeing,296,2018,Maintenance,GlobalWings
AC00371,A350-900,Airbus,325,2015,Maintenance,NovaAir
AC00372,A350-900,Airbus,325,2008,Active,NovaAir
AC00373,A320neo,Airbus,186,2013,Active,GlobalWings
AC00374,A321neo,Airbus,244,2020,Active,AeroSky
AC00375,B737-800,Boeing,189,2007,Maintenance,AeroSky
AC00376,A321neo,Airbus,244,2016,Active,PacificAero
AC00377,B737-800,Boeing,189,2023,Retired,PacificAero
AC00378,A320neo,Airbus,186,2008,Maintenance,SkyBridge
AC00379,A321neo,Airbus,244,2018,Active,SkyBridge
AC00380,E190,Embraer,114,2014,Active,AeroSky
AC00381,E190,Embraer,114,2021,Active,GlobalWings
AC00382,A321neo,Airbus,244,2020,Active,AeroSky
AC00383,A320neo,Airbus,186,2022,Active,AeroSky
AC00384,A320neo,Airbus,186,2023,Active,NovaAir
AC00385,E190,Embraer,114,2024,Retired,AtlanticJet
AC00386,A321neo,Airbus,244,2022,Active,PacificAero
AC00387,A321neo,Airbus,244,2013,Active,GlobalWings
AC00388,A320neo,Airbus,186,2014,Active,SkyBridge
AC00389,B737-800,Boeing,189,2010,Active,PacificAero
AC00390,A321neo,Airbus,244,2017,Active,GlobalWings
AC00391,A321neo,Airbus,244,2025,Active,AeroSky
AC00392,A321neo,Airbus,244,2021,Active,NovaAir
AC00393,A350-900,Airbus,325,2019,Active,GlobalWings
AC00394,A320neo,Airbus,186,2014,Active,PacificAero
AC00395,E190,Embraer,114,2007,Active,GlobalWings
AC00396,B787-9,Boeing,296,2024,Active,AtlanticJet
AC00397,B737-800,Boeing,189,2013,Maintenance,AtlanticJet
AC00398,A350-900,Airbus,325,2020,Retired,NovaAir
AC00399,A350-900,Airbus,325,2013,Active,PacificAero
AC00400,B737-800,Boeing,189,2016,Maintenance,AeroSky
AC00401,A320neo,Airbus,186,2023,Maintenance,PacificAero
AC00402,A321neo,Airbus,244,2014,Active,GlobalWings
AC00403,A350-900,Airbus,325,2024,Active,AeroSky
AC00404,B787-9,Boeing,296,2014,Active,GlobalWings
AC00405,A320neo,Airbus,186,2014,Active,AeroSky
AC00406,B737-800,Boeing,189,2020,Maintenance,GlobalWings
AC00407,B787-9,Boeing,296,2017,Retired,AtlanticJet
AC00408,B787-9,Boeing,296,2021,Retired,AtlanticJet
AC00409,A320neo,Airbus,186,2007,Maintenance,AtlanticJet
AC00410,B737-800,Boeing,189,2018,Active,NovaAir
AC00411,B737-800,Boeing,189,2015,Retired,NovaAir
AC00412,E190,Embraer,114,2017,Maintenance,SkyBridge
AC00413,B737-800,Boeing,189,2017,Active,SkyBridge
AC00414,B787-9,Boeing,296,2024,Maintenance,AtlanticJet
AC00415,A320neo,Airbus,186,2007,Maintenance,AeroSky
AC00416,B787-9,Boeing,296,2018,Retired,NovaAir
AC00417,E190,Embraer,114,2007,Maintenance,SkyBridge
AC00418,A321neo,Airbus,244,2015,Active,SkyBridge
AC00419,B787-9,Boeing,296,2007,Retired,AtlanticJet
AC00420,B737-800,Boeing,189,2021,Retired,GlobalWings
AC00421,A320neo,Airbus,186,2016,Active,GlobalWings
AC00422,B737-800,Boeing,189,2009,Active,GlobalWings
AC00423,B787-9,Boeing,296,2024,Active,AtlanticJet
AC00424,B737-800,Boeing,189,2010,Maintenance,NovaAir
AC00425,E190,Embraer,114,2023,Maintenance,AtlanticJet
AC00426,E190,Embraer,114,2025,Retired,SkyBridge
AC00427,A321neo,Airbus,244,2015,Active,NovaAir
AC00428,B737-800,Boeing,189,2020,Maintenance,AtlanticJet
AC00429,A320neo,Airbus,186,2013,Retired,AeroSky
AC00430,A320neo,Airbus,186,2021,Active,SkyBridge
AC00431,A350-900,Airbus,325,2019,Active,AeroSky
AC00432,A320neo,Airbus,186,2014,Active,AtlanticJet
AC00433,B737-800,Boeing,189,2024,Retired,PacificAero
AC00434,A350-900,Airbus,325,2019,Retired,PacificAero
AC00435,A321neo,Airbus,244,2006,Maintenance,PacificAero
AC00436,A321neo,Airbus,244,2011,Active,PacificAero
AC00437,A350-900,Airbus,325,2021,Active,AeroSky
AC00438,A350-900,Airbus,325,2008,Active,AtlanticJet
AC00439,B737-800,Boeing,189,2021,Active,AeroSky
AC00440,B787-9,Boeing,296,2019,Maintenance,PacificAero
AC00441,E190,Embraer,114,2024,Active,SkyBridge
AC00442,A320neo,Airbus,186,2014,Maintenance,NovaAir
AC00443,A320neo,Airbus,186,2024,Active,AtlanticJet
AC00444,A321neo,Airbus,244,2015,Active,SkyBridge
AC00445,B737-800,Boeing,189,2022,Maintenance,SkyBridge
AC00446,A320neo,Airbus,186,2024,Active,SkyBridge
AC00447,B737-800,Boeing,189,2023,Active,SkyBridge
AC00448,A320neo,Airbus,186,2025,Maintenance,GlobalWings
AC00449,E190,Embraer,114,2007,Active,PacificAero
AC00450,A350-900,Airbus,325,2025,Active,GlobalWings
AC00451,A321neo,Airbus,244,2021,Active,AtlanticJet
AC00452,A321neo,Airbus,244,2018,Retired,SkyBridge
AC00453,B737-800,Boeing,189,2016,Active,GlobalWings
AC00454,B787-9,Boeing,296,2015,Maintenance,GlobalWings
AC00455,B787-9,Boeing,296,2009,Active,AeroSky
AC00456,A320neo,Airbus,186,2008,Retired,PacificAero
AC00457,A321neo,Airbus,244,2021,Active,AtlanticJet
AC00458,A320neo,Airbus,186,2024,Active,PacificAero
AC00459,A350-900,Airbus,325,2009,Active,GlobalWings
AC00460,A321neo,Airbus,244,2024,Active,AtlanticJet
AC00461,A350-900,Airbus,325,2006,Maintenance,SkyBridge
AC00462,A321neo,Airbus,244,2012,Maintenance,PacificAero
AC00463,A320neo,Airbus,186,2019,Active,PacificAero
AC00464,B787-9,Boeing,296,2014,Maintenance,GlobalWings
AC00465,A320neo,Airbus,186,2023,Maintenance,NovaAir
AC00466,A320neo,Airbus,186,2017,Retired,PacificAero
AC00467,A350-900,Airbus,325,2010,Active,PacificAero
AC00468,B787-9,Boeing,296,2013,Active,AtlanticJet
AC00469,A350-900,Airbus,325,2016,Retired,AeroSky
AC00470,A321neo,Airbus,244,2021,Active,SkyBridge
AC00471,B737-800,Boeing,189,2010,Active,NovaAir
AC00472,E190,Embraer,114,2009,Maintenance,AeroSky
AC00473,B787-9,Boeing,296,2019,Active,AeroSky
AC00474,A350-900,Airbus,325,2006,Maintenance,PacificAero
AC00475,A320neo,Airbus,186,2012,Maintenance,AeroSky
AC00476,A320neo,Airbus,186,2012,Active,SkyBridge
AC00477,B737-800,Boeing,189,2025,Active,GlobalWings
AC00478,B787-9,Boeing,296,2006,Active,NovaAir
AC00479,A321neo,Airbus,244,2009,Maintenance,NovaAir
AC00480,E190,Embraer,114,2005,Active,AeroSky
AC00481,A320neo,Airbus,186,2011,Active,PacificAero
AC00482,A321neo,Airbus,244,2024,Retired,NovaAir
AC00483,B737-800,Boeing,189,2014,Active,SkyBridge
AC00484,B737-800,Boeing,189,2006,Active,NovaAir
AC00485,A321neo,Airbus,244,2024,Maintenance,AeroSky
AC00486,B737-800,Boeing,189,2020,Retired,PacificAero
AC00487,B737-800,Boeing,189,2025,Retired,PacificAero
AC00488,B787-9,Boeing,296,2009,Active,NovaAir
AC00489,B737-800,Boeing,189,2024,Active,GlobalWings
AC00490,E190,Embraer,114,2018,Active,AtlanticJet
AC00491,A321neo,Airbus,244,2007,Retired,SkyBridge
AC00492,B737-800,Boeing,189,2021,Retired,PacificAero
AC00493,E190,Embraer,114,2022,Active,NovaAir
AC00494,A350-900,Airbus,325,2006,Maintenance,SkyBridge
AC00495,A320neo,Airbus,186,2005,Active,AeroSky
AC00496,A320neo,Airbus,186,2012,Active,PacificAero
AC00497,A321neo,Airbus,244,2015,Active,AeroSky
AC00498,A320neo,Airbus,186,2022,Active,AtlanticJet
AC00499,B787-9,Boeing,296,2019,Maintenance,AtlanticJet
AC00500,B787-9,Boeing,296,2009,Active,AtlanticJet
AC00501,A350-900,Airbus,325,2006,Active,GlobalWings
AC00502,B737-800,Boeing,189,2011,Active,SkyBridge
AC00503,A320neo,Airbus,186,2021,Maintenance,PacificAero
AC00504,A350-900,Airbus,325,2013,Active,AtlanticJet
AC00505,B787-9,Boeing,296,2014,Active,AeroSky
AC00506,A321neo,Airbus,244,2015,Active,AeroSky
AC00507,A320neo,Airbus,186,2018,Maintenance,AtlanticJet
AC00508,A350-900,Airbus,325,2017,Active,GlobalWings
AC00509,A350-900,Airbus,325,2020,Active,PacificAero
AC00510,A320neo,Airbus,186,2007,Maintenance,AeroSky
AC00511,A350-900,Airbus,325,2024,Active,PacificAero
AC00512,A320neo,Airbus,186,2015,Active,AeroSky
AC00513,A320neo,Airbus,186,2014,Active,NovaAir
AC00514,E190,Embraer,114,2018,Active,AtlanticJet
AC00515,A350-900,Airbus,325,2016,Maintenance,AeroSky
AC00516,A321neo,Airbus,244,2016,Retired,NovaAir
AC00517,A320neo,Airbus,186,2025,Active,AeroSky
AC00518,A321neo,Airbus,244,2025,Maintenance,SkyBridge
AC00519,E190,Embraer,114,2010,Active,GlobalWings
AC00520,E190,Embraer,114,2019,Active,GlobalWings
AC00521,B737-800,Boeing,189,2012,Active,SkyBridge
AC00522,A350-900,Airbus,325,2023,Active,PacificAero
AC00523,B787-9,Boeing,296,2019,Active,SkyBridge
AC00524,A350-900,Airbus,325,2007,Retired,GlobalWings
AC00525,E190,Embraer,114,2016,Maintenance,SkyBridge
AC00526,A321neo,Airbus,244,2013,Active,AeroSky
AC00527,B737-800,Boeing,189,2010,Maintenance,PacificAero
AC00528,A350-900,Airbus,325,2022,Active,SkyBridge
AC00529,A320neo,Airbus,186,2019,Active,PacificAero
AC00530,A320neo,Airbus,186,2020,Active,AeroSky
AC00531,B787-9,Boeing,296,2007,Maintenance,GlobalWings
AC00532,A321neo,Airbus,244,2019,Active,AtlanticJet
AC00533,A320neo,Airbus,186,2016,Active,PacificAero
AC00534,E190,Embraer,114,2014,Active,GlobalWings
AC00535,A321neo,Airbus,244,2025,Active,SkyBridge
AC00536,E190,Embraer,114,2012,Active,GlobalWings
AC00537,B787-9,Boeing,296,2012,Maintenance,AeroSky
AC00538,A320neo,Airbus,186,2022,Retired,SkyBridge
AC00539,A350-900,Airbus,325,2022,Active,PacificAero
AC00540,B737-800,Boeing,189,2007,Active,NovaAir
AC00541,A321neo,Airbus,244,2020,Retired,NovaAir
AC00542,A350-900,Airbus,325,2023,Active,GlobalWings
AC00543,A320neo,Airbus,186,2025,Active,NovaAir
AC00544,A350-900,Airbus,325,2021,Active,GlobalWings
AC00545,E190,Embraer,114,2025,Retired,GlobalWings
AC00546,B787-9,Boeing,296,2018,Retired,AeroSky
AC00547,B737-800,Boeing,189,2021,Active,SkyBridge
AC00548,B787-9,Boeing,296,2010,Active,AtlanticJet
AC00549,B787-9,Boeing,296,2016,Retired,SkyBridge
AC00550,B737-800,Boeing,189,2013,Active,AtlanticJet
AC00551,E190,Embraer,114,2013,Active,AtlanticJet
AC00552,A320neo,Airbus,186,2024,Retired,AeroSky
AC00553,E190,Embraer,114,2025,Active,PacificAero
AC00554,E190,Embraer,114,2009,Active,AtlanticJet
AC00555,E190,Embraer,114,2024,Active,PacificAero
AC00556,B737-800,Boeing,189,2005,Active,AeroSky
AC00557,A321neo,Airbus,244,2023,Active,AtlanticJet
AC00558,B787-9,Boeing,296,2023,Maintenance,PacificAero
AC00559,A321neo,Airbus,244,2005,Maintenance,AtlanticJet
AC00560,E190,Embraer,114,2014,Active,NovaAir
AC00561,B787-9,Boeing,296,2017,Active,NovaAir
AC00562,B737-800,Boeing,189,2006,Active,NovaAir
AC00563,A350-900,Airbus,325,2020,Maintenance,GlobalWings
AC00564,A320neo,Airbus,186,2024,Active,SkyBridge
AC00565,A321neo,Airbus,244,2015,Active,NovaAir
AC00566,B787-9,Boeing,296,2016,Retired,PacificAero
AC00567,B737-800,Boeing,189,2015,Active,NovaAir
AC00568,B737-800,Boeing,189,2013,Maintenance,GlobalWings
AC00569,B787-9,Boeing,296,2008,Active,SkyBridge
AC00570,A350-900,Airbus,325,2024,Maintenance,GlobalWings
AC00571,B787-9,Boeing,296,2015,Retired,AtlanticJet
AC00572,A320neo,Airbus,186,2011,Active,NovaAir
AC00573,E190,Embraer,114,2019,Maintenance,SkyBridge
AC00574,A350-900,Airbus,325,2005,Active,NovaAir
AC00575,E190,Embraer,114,2019,Active,GlobalWings
AC00576,E190,Embraer,114,2016,Active,AeroSky
AC00577,A320neo,Airbus,186,2020,Retired,AtlanticJet
AC00578,A321neo,Airbus,244,2020,Active,PacificAero
AC00579,B737-800,Boeing,189,2008,Maintenance,GlobalWings
AC00580,A320neo,Airbus,186,2016,Maintenance,SkyBridge
AC00581,B737-800,Boeing,189,2017,Active,PacificAero
AC00582,E190,Embraer,114,2011,Active,PacificAero
AC00583,A320neo,Airbus,186,2007,Maintenance,PacificAero
AC00584,A350-900,Airbus,325,2022,Active,PacificAero
AC00585,A321neo,Airbus,244,2024,Active,GlobalWings
AC00586,B737-800,Boeing,189,2017,Active,SkyBridge
AC00587,E190,Embraer,114,2016,Active,GlobalWings
AC00588,E190,Embraer,114,2021,Maintenance,PacificAero
AC00589,B737-800,Boeing,189,2006,Active,GlobalWings
AC00590,A321neo,Airbus,244,2015,Maintenance,PacificAero
AC00591,A350-900,Airbus,325,2009,Retired,PacificAero
AC00592,B787-9,Boeing,296,2015,Retired,SkyBridge
AC00593,B787-9,Boeing,296,2017,Retired,AtlanticJet
AC00594,A320neo,Airbus,186,2023,Active,PacificAero
AC00595,E190,Embraer,114,2022,Maintenance,AtlanticJet
AC00596,E190,Embraer,114,2014,Maintenance,AeroSky
AC00597,A320neo,Airbus,186,2015,Active,NovaAir
AC00598,E190,Embraer,114,2014,Active,PacificAero
AC00599,A350-900,Airbus,325,2013,Retired,PacificAero
AC00600,B787-9,Boeing,296,2006,Retired,NovaAir
AC00601,B787-9,Boeing,296,2021,Retired,NovaAir
AC00602,B787-9,Boeing,296,2012,Active,PacificAero
AC00603,A321neo,Airbus,244,2008,Active,AeroSky
AC00604,A350-900,Airbus,325,2015,Maintenance,GlobalWings
AC00605,A350-900,Airbus,325,2011,Maintenance,PacificAero
AC00606,E190,Embraer,114,2020,Active,AtlanticJet
AC00607,B787-9,Boeing,296,2021,Active,PacificAero
AC00608,A320neo,Airbus,186,2020,Retired,NovaAir
AC00609,A320neo,Airbus,186,2010,Maintenance,PacificAero
AC00610,A320neo,Airbus,186,2022,Active,AtlanticJet
AC00611,A321neo,Airbus,244,2025,Active,PacificAero
AC00612,A350-900,Airbus,325,2011,Active,SkyBridge
AC00613,E190,Embraer,114,2014,Active,SkyBridge
AC00614,A320neo,Airbus,186,2011,Maintenance,SkyBridge
AC00615,A350-900,Airbus,325,2016,Retired,AtlanticJet
AC00616,A320neo,Airbus,186,2014,Active,PacificAero
AC00617,A321neo,Airbus,244,2022,Maintenance,NovaAir
AC00618,A320neo,Airbus,186,2009,Active,AeroSky
AC00619,A320neo,Airbus,186,2007,Active,NovaAir
AC00620,A321neo,Airbus,244,2013,Maintenance,GlobalWings
AC00621,B787-9,Boeing,296,2022,Active,PacificAero
AC00622,A321neo,Airbus,244,2013,Active,AeroSky
AC00623,E190,Embraer,114,2023,Active,GlobalWings
AC00624,B737-800,Boeing,189,2021,Active,AtlanticJet
AC00625,B787-9,Boeing,296,2006,Active,NovaAir
AC00626,A320neo,Airbus,186,2020,Active,AtlanticJet
AC00627,B787-9,Boeing,296,2005,Retired,GlobalWings
AC00628,A350-900,Airbus,325,2025,Maintenance,NovaAir
AC00629,A321neo,Airbus,244,2011,Active,SkyBridge
AC00630,A320neo,Airbus,186,2025,Active,AeroSky
AC00631,A321neo,Airbus,244,2023,Active,PacificAero
AC00632,A321neo,Airbus,244,2006,Active,NovaAir
AC00633,B787-9,Boeing,296,2006,Maintenance,NovaAir
AC00634,B787-9,Boeing,296,2014,Active,AeroSky
AC00635,A320neo,Airbus,186,2023,Retired,AeroSky
AC00636,A320neo,Airbus,186,2014,Maintenance,AtlanticJet
AC00637,E190,Embraer,114,2021,Maintenance,GlobalWings
AC00638,E190,Embraer,114,2019,Active,GlobalWings
AC00639,B737-800,Boeing,189,2015,Active,AtlanticJet
AC00640,A350-900,Airbus,325,2025,Active,AtlanticJet
AC00641,B787-9,Boeing,296,2005,Active,SkyBridge
AC00642,E190,Embraer,114,2011,Active,PacificAero
AC00643,A321neo,Airbus,244,2017,Maintenance,PacificAero
AC00644,A320neo,Airbus,186,2007,Maintenance,AtlanticJet
AC00645,B737-800,Boeing,189,2010,Active,NovaAir
AC00646,A320neo,Airbus,186,2012,Active,SkyBridge
AC00647,A350-900,Airbus,325,2012,Maintenance,SkyBridge
AC00648,A320neo,Airbus,186,2014,Retired,AtlanticJet
AC00649,E190,Embraer,114,2005,Active,AtlanticJet
AC00650,A320neo,Airbus,186,2012,Active,AtlanticJet
AC00651,B737-800,Boeing,189,2019,Active,GlobalWings
AC00652,A350-900,Airbus,325,2021,Active,AtlanticJet
AC00653,B737-800,Boeing,189,2025,Active,SkyBridge
AC00654,E190,Embraer,114,2012,Active,GlobalWings
AC00655,A350-900,Airbus,325,2009,Maintenance,AtlanticJet
AC00656,E190,Embraer,114,2016,Maintenance,AtlanticJet
AC00657,E190,Embraer,114,2020,Retired,AtlanticJet
AC00658,B787-9,Boeing,296,2012,Retired,AeroSky
AC00659,E190,Embraer,114,2019,Retired,AtlanticJet
AC00660,A320neo,Airbus,186,2007,Retired,AeroSky
AC00661,B737-800,Boeing,189,2022,Retired,GlobalWings
AC00662,E190,Embraer,114,2022,Active,GlobalWings
AC00663,A320neo,Airbus,186,2021,Maintenance,AeroSky
AC00664,A321neo,Airbus,244,2011,Retired,NovaAir
AC00665,B737-800,Boeing,189,2021,Maintenance,AeroSky
AC00666,A350-900,Airbus,325,2009,Retired,NovaAir
AC00667,A350-900,Airbus,325,2023,Active,PacificAero
AC00668,A350-900,Airbus,325,2014,Active,NovaAir
AC00669,A320neo,Airbus,186,2005,Active,PacificAero
AC00670,B737-800,Boeing,189,2006,Maintenance,SkyBridge
AC00671,A321neo,Airbus,244,2007,Retired,AeroSky
AC00672,B737-800,Boeing,189,2020,Active,SkyBridge
AC00673,A350-900,Airbus,325,2010,Active,AtlanticJet
AC00674,A321neo,Airbus,244,2025,Maintenance,SkyBridge
AC00675,A350-900,Airbus,325,2019,Maintenance,NovaAir
AC00676,B737-800,Boeing,189,2022,Active,AtlanticJet
AC00677,A320neo,Airbus,186,2008,Active,PacificAero
AC00678,A350-900,Airbus,325,2021,Active,AtlanticJet
AC00679,B787-9,Boeing,296,2005,Active,SkyBridge
AC00680,A350-900,Airbus,325,2022,Maintenance,PacificAero
AC00681,A350-900,Airbus,325,2012,Active,NovaAir
AC00682,A320neo,Airbus,186,2009,Active,GlobalWings
AC00683,A321neo,Airbus,244,2008,Active,AtlanticJet
AC00684,A350-900,Airbus,325,2024,Active,GlobalWings
AC00685,B787-9,Boeing,296,2007,Active,PacificAero
AC00686,B737-800,Boeing,189,2019,Retired,AtlanticJet
AC00687,A321neo,Airbus,244,2006,Active,AtlanticJet
AC00688,B737-800,Boeing,189,2017,Maintenance,GlobalWings
AC00689,E190,Embraer,114,2011,Active,GlobalWings
AC00690,E190,Embraer,114,2014,Active,AtlanticJet
AC00691,E190,Embraer,114,2015,Retired,PacificAero
AC00692,A321neo,Airbus,244,2015,Active,SkyBridge
AC00693,B787-9,Boeing,296,2021,Active,NovaAir
AC00694,A320neo,Airbus,186,2013,Active,PacificAero
AC00695,E190,Embraer,114,2010,Maintenance,PacificAero
AC00696,A350-900,Airbus,325,2006,Active,AtlanticJet
AC00697,A321neo,Airbus,244,2017,Retired,SkyBridge
AC00698,A321neo,Airbus,244,2018,Maintenance,GlobalWings
AC00699,A320neo,Airbus,186,2017,Active,PacificAero
AC00700,A350-900,Airbus,325,2012,Active,SkyBridge
AC00701,A321neo,Airbus,244,2009,Maintenance,AeroSky
AC00702,E190,Embraer,114,2018,Maintenance,PacificAero
AC00703,E190,Embraer,114,2009,Maintenance,GlobalWings
AC00704,A320neo,Airbus,186,2011,Active,AtlanticJet
AC00705,B737-800,Boeing,189,2019,Active,AeroSky
AC00706,E190,Embraer,114,2011,Active,SkyBridge
AC00707,A350-900,Airbus,325,2024,Retired,AeroSky
AC00708,B737-800,Boeing,189,2011,Retired,AtlanticJet
AC00709,A321neo,Airbus,244,2022,Active,NovaAir
AC00710,B787-9,Boeing,296,2015,Active,AeroSky
AC00711,B787-9,Boeing,296,2011,Active,AtlanticJet
AC00712,A350-900,Airbus,325,2012,Retired,AtlanticJet
AC00713,B787-9,Boeing,296,2017,Active,PacificAero
AC00714,A320neo,Airbus,186,2014,Maintenance,NovaAir
AC00715,E190,Embraer,114,2025,Active,SkyBridge
AC00716,A320neo,Airbus,186,2016,Retired,NovaAir
AC00717,A350-900,Airbus,325,2008,Maintenance,SkyBridge
AC00718,B787-9,Boeing,296,2016,Active,NovaAir
AC00719,B737-800,Boeing,189,2023,Active,AtlanticJet
AC00720,B787-9,Boeing,296,2005,Active,PacificAero
AC00721,E190,Embraer,114,2023,Maintenance,SkyBridge
AC00722,B787-9,Boeing,296,2011,Active,GlobalWings
AC00723,A350-900,Airbus,325,2023,Active,NovaAir
AC00724,E190,Embraer,114,2025,Active,SkyBridge
AC00725,A350-900,Airbus,325,2025,Maintenance,NovaAir
AC00726,B787-9,Boeing,296,2016,Active,GlobalWings
AC00727,A321neo,Airbus,244,2022,Maintenance,GlobalWings
AC00728,E190,Embraer,114,2025,Active,PacificAero
AC00729,B737-800,Boeing,189,2007,Active,AeroSky
AC00730,A350-900,Airbus,325,2009,Active,AeroSky
AC00731,A321neo,Airbus,244,2009,Active,GlobalWings
AC00732,E190,Embraer,114,2019,Active,AeroSky
AC00733,E190,Embraer,114,2025,Retired,NovaAir
AC00734,A321neo,Airbus,244,2020,Active,AeroSky
AC00735,E190,Embraer,114,2022,Maintenance,AeroSky
AC00736,B737-800,Boeing,189,2021,Active,PacificAero
AC00737,A320neo,Airbus,186,2005,Retired,AtlanticJet
AC00738,A321neo,Airbus,244,2018,Active,AeroSky
AC00739,B737-800,Boeing,189,2021,Active,GlobalWings
AC00740,B787-9,Boeing,296,2024,Retired,SkyBridge
AC00741,A320neo,Airbus,186,2013,Maintenance,AeroSky
AC00742,A320neo,Airbus,186,2017,Maintenance,PacificAero
AC00743,B787-9,Boeing,296,2012,Active,AtlanticJet
AC00744,B737-800,Boeing,189,2025,Active,AeroSky
AC00745,A350-900,Airbus,325,2017,Maintenance,PacificAero
AC00746,A350-900,Airbus,325,2006,Active,AtlanticJet
AC00747,B787-9,Boeing,296,2007,Maintenance,NovaAir
AC00748,A321neo,Airbus,244,2015,Retired,AeroSky
AC00749,E190,Embraer,114,2006,Active,GlobalWings
AC00750,A321neo,Airbus,244,2023,Maintenance,SkyBridge
AC00751,B737-800,Boeing,189,2007,Active,PacificAero
AC00752,E190,Embraer,114,2006,Active,SkyBridge
AC00753,B737-800,Boeing,189,2011,Retired,GlobalWings
AC00754,A321neo,Airbus,244,2017,Active,SkyBridge
AC00755,B787-9,Boeing,296,2023,Active,PacificAero
AC00756,A350-900,Airbus,325,2022,Active,NovaAir
AC00757,A321neo,Airbus,244,2009,Active,PacificAero
AC00758,A321neo,Airbus,244,2016,Active,AeroSky
AC00759,A350-900,Airbus,325,2012,Active,SkyBridge
AC00760,E190,Embraer,114,2024,Retired,NovaAir
AC00761,A320neo,Airbus,186,2005,Active,NovaAir
AC00762,A350-900,Airbus,325,2012,Active,PacificAero
AC00763,A350-900,Airbus,325,2018,Active,AtlanticJet
AC00764,E190,Embraer,114,2017,Active,PacificAero
AC00765,A320neo,Airbus,186,2012,Active,AeroSky
AC00766,A320neo,Airbus,186,2009,Maintenance,AtlanticJet
AC00767,A321neo,Airbus,244,2009,Maintenance,SkyBridge
AC00768,A320neo,Airbus,186,2008,Active,AeroSky
AC00769,A320neo,Airbus,186,2019,Active,SkyBridge
AC00770,B737-800,Boeing,189,2009,Active,GlobalWings
AC00771,A350-900,Airbus,325,2019,Retired,PacificAero
AC00772,E190,Embraer,114,2018,Active,AeroSky
AC00773,B737-800,Boeing,189,2016,Retired,AeroSky
AC00774,E190,Embraer,114,2024,Active,NovaAir
AC00775,B737-800,Boeing,189,2014,Maintenance,NovaAir
AC00776,B737-800,Boeing,189,2022,Active,PacificAero
AC00777,E190,Embraer,114,2010,Maintenance,GlobalWings
AC00778,B787-9,Boeing,296,2013,Active,SkyBridge
AC00779,A350-900,Airbus,325,2009,Active,GlobalWings
AC00780,A350-900,Airbus,325,2013,Maintenance,SkyBridge
AC00781,A350-900,Airbus,325,2007,Active,SkyBridge
AC00782,B787-9,Boeing,296,2025,Maintenance,PacificAero
AC00783,E190,Embraer,114,2011,Maintenance,AeroSky
AC00784,B787-9,Boeing,296,2014,Active,NovaAir
AC00785,A320neo,Airbus,186,2024,Maintenance,SkyBridge
AC00786,A350-900,Airbus,325,2015,Maintenance,AtlanticJet
AC00787,E190,Embraer,114,2009,Active,SkyBridge
AC00788,E190,Embraer,114,2011,Maintenance,SkyBridge
AC00789,B787-9,Boeing,296,2017,Active,SkyBridge
AC00790,A321neo,Airbus,244,2025,Maintenance,PacificAero
AC00791,B787-9,Boeing,296,2015,Maintenance,SkyBridge
AC00792,A350-900,Airbus,325,2016,Active,PacificAero
AC00793,B787-9,Boeing,296,2023,Retired,GlobalWings
AC00794,A321neo,Airbus,244,2022,Active,AtlanticJet
AC00795,A350-900,Airbus,325,2011,Maintenance,SkyBridge
AC00796,A321neo,Airbus,244,2007,Maintenance,AtlanticJet
AC00797,A350-900,Airbus,325,2009,Active,GlobalWings
AC00798,A320neo,Airbus,186,2009,Maintenance,NovaAir
AC00799,B737-800,Boeing,189,2019,Retired,NovaAir
AC00800,E190,Embraer,114,2017,Retired,PacificAero
AC00801,A321neo,Airbus,244,2018,Retired,AeroSky
AC00802,A320neo,Airbus,186,2022,Retired,AtlanticJet
AC00803,B737-800,Boeing,189,2008,Active,AtlanticJet
AC00804,A321neo,Airbus,244,2016,Active,AtlanticJet
AC00805,E190,Embraer,114,2006,Retired,AtlanticJet
AC00806,A321neo,Airbus,244,2025,Maintenance,SkyBridge
AC00807,A350-900,Airbus,325,2008,Active,AeroSky
AC00808,A320neo,Airbus,186,2012,Retired,AtlanticJet
AC00809,E190,Embraer,114,2022,Retired,AtlanticJet
AC00810,E190,Embraer,114,2012,Maintenance,SkyBridge
AC00811,A350-900,Airbus,325,2019,Retired,AtlanticJet
AC00812,E190,Embraer,114,2009,Active,AeroSky
AC00813,A350-900,Airbus,325,2008,Active,NovaAir
AC00814,B737-800,Boeing,189,2008,Active,SkyBridge
AC00815,A320neo,Airbus,186,2015,Maintenance,GlobalWings
AC00816,E190,Embraer,114,2020,Active,NovaAir
AC00817,B737-800,Boeing,189,2019,Maintenance,SkyBridge
AC00818,B737-800,Boeing,189,2014,Active,AtlanticJet
AC00819,B737-800,Boeing,189,2005,Active,AtlanticJet
AC00820,B737-800,Boeing,189,2010,Active,PacificAero
AC00821,B787-9,Boeing,296,2022,Active,SkyBridge
AC00822,E190,Embraer,114,2018,Maintenance,GlobalWings
AC00823,A350-900,Airbus,325,2025,Active,GlobalWings
AC00824,A321neo,Airbus,244,2018,Maintenance,AeroSky
AC00825,A321neo,Airbus,244,2024,Active,NovaAir
AC00826,E190,Embraer,114,2018,Maintenance,AeroSky
AC00827,A321neo,Airbus,244,2011,Active,SkyBridge
AC00828,A321neo,Airbus,244,2007,Retired,AeroSky
AC00829,E190,Embraer,114,2010,Active,SkyBridge
AC00830,B787-9,Boeing,296,2019,Active,SkyBridge
AC00831,A321neo,Airbus,244,2020,Retired,AtlanticJet
AC00832,A320neo,Airbus,186,2024,Maintenance,PacificAero
AC00833,A350-900,Airbus,325,2023,Active,SkyBridge
AC00834,A320neo,Airbus,186,2019,Retired,GlobalWings
AC00835,A321neo,Airbus,244,2014,Retired,PacificAero
AC00836,B737-800,Boeing,189,2009,Active,AeroSky
AC00837,B787-9,Boeing,296,2014,Active,GlobalWings
AC00838,A320neo,Airbus,186,2009,Retired,NovaAir
AC00839,A350-900,Airbus,325,2024,Active,PacificAero
AC00840,A350-900,Airbus,325,2018,Active,NovaAir
AC00841,A321neo,Airbus,244,2022,Active,PacificAero
AC00842,B787-9,Boeing,296,2020,Active,GlobalWings
AC00843,B787-9,Boeing,296,2015,Maintenance,PacificAero
AC00844,B737-800,Boeing,189,2016,Active,NovaAir
AC00845,B787-9,Boeing,296,2011,Maintenance,PacificAero
AC00846,E190,Embraer,114,2025,Maintenance,NovaAir
AC00847,A321neo,Airbus,244,2020,Maintenance,AtlanticJet
AC00848,A350-900,Airbus,325,2020,Active,AeroSky
AC00849,E190,Embraer,114,2005,Active,SkyBridge
AC00850,B737-800,Boeing,189,2013,Active,PacificAero
AC00851,A320neo,Airbus,186,2010,Maintenance,PacificAero
AC00852,A321neo,Airbus,244,2020,Retired,PacificAero
AC00853,B737-800,Boeing,189,2023,Active,SkyBridge
AC00854,E190,Embraer,114,2016,Retired,AeroSky
AC00855,A321neo,Airbus,244,2019,Retired,GlobalWings
AC00856,A350-900,Airbus,325,2008,Active,SkyBridge
AC00857,B737-800,Boeing,189,2019,Active,SkyBridge
AC00858,B737-800,Boeing,189,2019,Active,GlobalWings
AC00859,B787-9,Boeing,296,2023,Active,AtlanticJet
AC00860,E190,Embraer,114,2025,Maintenance,GlobalWings
AC00861,E190,Embraer,114,2009,Active,GlobalWings
AC00862,B737-800,Boeing,189,2023,Active,PacificAero
AC00863,A320neo,Airbus,186,2024,Retired,GlobalWings
AC00864,A320neo,Airbus,186,2014,Active,PacificAero
AC00865,A320neo,Airbus,186,2021,Active,GlobalWings
AC00866,A350-900,Airbus,325,2006,Active,AtlanticJet
AC00867,B787-9,Boeing,296,2009,Active,GlobalWings
AC00868,A321neo,Airbus,244,2015,Active,AtlanticJet
AC00869,A350-900,Airbus,325,2020,Active,PacificAero
AC00870,A321neo,Airbus,244,2013,Maintenance,NovaAir
AC00871,A350-900,Airbus,325,2007,Active,NovaAir
AC00872,E190,Embraer,114,2013,Active,NovaAir
AC00873,A350-900,Airbus,325,2015,Retired,AeroSky
AC00874,A321neo,Airbus,244,2007,Maintenance,AtlanticJet
AC00875,A321neo,Airbus,244,2016,Active,PacificAero
AC00876,A350-900,Airbus,325,2011,Maintenance,GlobalWings
AC00877,A350-900,Airbus,325,2013,Active,SkyBridge
AC00878,A320neo,Airbus,186,2022,Retired,GlobalWings
AC00879,E190,Embraer,114,2020,Active,AtlanticJet
AC00880,B737-800,Boeing,189,2006,Active,AtlanticJet
AC00881,A350-900,Airbus,325,2005,Active,GlobalWings
AC00882,A350-900,Airbus,325,2019,Active,NovaAir
AC00883,B787-9,Boeing,296,2009,Active,GlobalWings
AC00884,A320neo,Airbus,186,2007,Active,SkyBridge
AC00885,B737-800,Boeing,189,2016,Active,AeroSky
AC00886,A350-900,Airbus,325,2025,Active,AtlanticJet
AC00887,A321neo,Airbus,244,2012,Maintenance,AtlanticJet
AC00888,B737-800,Boeing,189,2008,Active,GlobalWings
AC00889,A350-900,Airbus,325,2007,Active,PacificAero
AC00890,B787-9,Boeing,296,2021,Maintenance,AeroSky
AC00891,B737-800,Boeing,189,2015,Active,NovaAir
AC00892,A321neo,Airbus,244,2009,Maintenance,AeroSky
AC00893,B787-9,Boeing,296,2017,Active,AtlanticJet
AC00894,B737-800,Boeing,189,2008,Active,SkyBridge
AC00895,A320neo,Airbus,186,2009,Maintenance,GlobalWings
AC00896,A321neo,Airbus,244,2009,Active,PacificAero
AC00897,E190,Embraer,114,2005,Retired,AtlanticJet
AC00898,B787-9,Boeing,296,2019,Active,AtlanticJet
AC00899,B787-9,Boeing,296,2025,Active,NovaAir
AC00900,E190,Embraer,114,2019,Active,AeroSky
AC00901,B737-800,Boeing,189,2009,Active,PacificAero
AC00902,A321neo,Airbus,244,2017,Active,NovaAir
AC00903,A320neo,Airbus,186,2009,Active,SkyBridge
AC00904,A321neo,Airbus,244,2007,Active,PacificAero
AC00905,E190,Embraer,114,2024,Retired,SkyBridge
AC00906,A321neo,Airbus,244,2005,Active,GlobalWings
AC00907,E190,Embraer,114,2024,Retired,GlobalWings
AC00908,A321neo,Airbus,244,2017,Active,AtlanticJet
AC00909,B737-800,Boeing,189,2012,Maintenance,NovaAir
AC00910,B737-800,Boeing,189,2012,Maintenance,AtlanticJet
AC00911,E190,Embraer,114,2007,Retired,AeroSky
AC00912,A320neo,Airbus,186,2015,Active,NovaAir
AC00913,E190,Embraer,114,2018,Active,PacificAero
AC00914,A321neo,Airbus,244,2010,Maintenance,AeroSky
AC00915,B737-800,Boeing,189,2023,Active,AeroSky
AC00916,A320neo,Airbus,186,2011,Active,AeroSky
AC00917,A350-900,Airbus,325,2021,Active,AtlanticJet
AC00918,A321neo,Airbus,244,2021,Maintenance,NovaAir
AC00919,A321neo,Airbus,244,2017,Active,AtlanticJet
AC00920,E190,Embraer,114,2022,Retired,GlobalWings
AC00921,A320neo,Airbus,186,2007,Active,AeroSky
AC00922,E190,Embraer,114,2011,Active,PacificAero
AC00923,A320neo,Airbus,186,2017,Retired,AtlanticJet
AC00924,A321neo,Airbus,244,2025,Active,SkyBridge
AC00925,A321neo,Airbus,244,2018,Active,AeroSky
AC00926,B787-9,Boeing,296,2007,Maintenance,AeroSky
AC00927,A350-900,Airbus,325,2024,Retired,AeroSky
AC00928,A320neo,Airbus,186,2010,Active,AeroSky
AC00929,A321neo,Airbus,244,2009,Active,GlobalWings
AC00930,A350-900,Airbus,325,2016,Retired,PacificAero
AC00931,A321neo,Airbus,244,2013,Active,SkyBridge
AC00932,B787-9,Boeing,296,2013,Active,AeroSky
AC00933,A320neo,Airbus,186,2018,Active,PacificAero
AC00934,B737-800,Boeing,189,2013,Retired,AtlanticJet
AC00935,B737-800,Boeing,189,2020,Maintenance,PacificAero
AC00936,A320neo,Airbus,186,2006,Maintenance,PacificAero
AC00937,B787-9,Boeing,296,2016,Active,SkyBridge
AC00938,B737-800,Boeing,189,2023,Active,GlobalWings
AC00939,A321neo,Airbus,244,2021,Active,AeroSky
AC00940,B737-800,Boeing,189,2012,Active,NovaAir
AC00941,A320neo,Airbus,186,2017,Active,GlobalWings
AC00942,B737-800,Boeing,189,2022,Maintenance,GlobalWings
AC00943,A320neo,Airbus,186,2012,Maintenance,AtlanticJet
AC00944,A320neo,Airbus,186,2013,Active,PacificAero
AC00945,A320neo,Airbus,186,2008,Retired,AtlanticJet
AC00946,B737-800,Boeing,189,2010,Active,PacificAero
AC00947,B737-800,Boeing,189,2017,Active,NovaAir
AC00948,A320neo,Airbus,186,2014,Active,AeroSky
AC00949,E190,Embraer,114,2019,Active,SkyBridge
AC00950,B787-9,Boeing,296,2014,Retired,SkyBridge
AC00951,A321neo,Airbus,244,2024,Active,NovaAir
AC00952,A320neo,Airbus,186,2023,Maintenance,GlobalWings
AC00953,A321neo,Airbus,244,2022,Active,GlobalWings
AC00954,B737-800,Boeing,189,2018,Active,GlobalWings
AC00955,E190,Embraer,114,2016,Active,SkyBridge
AC00956,B737-800,Boeing,189,2017,Active,AeroSky
AC00957,B787-9,Boeing,296,2021,Active,NovaAir
AC00958,A350-900,Airbus,325,2006,Active,AtlanticJet
AC00959,A320neo,Airbus,186,2007,Active,GlobalWings
AC00960,E190,Embraer,114,2018,Active,NovaAir
AC00961,A321neo,Airbus,244,2007,Retired,AeroSky
AC00962,E190,Embraer,114,2009,Maintenance,AeroSky
AC00963,E190,Embraer,114,2023,Active,NovaAir
AC00964,A321neo,Airbus,244,2009,Active,SkyBridge
AC00965,A320neo,Airbus,186,2015,Maintenance,AtlanticJet
AC00966,A321neo,Airbus,244,2015,Active,NovaAir
AC00967,A320neo,Airbus,186,2012,Active,GlobalWings
AC00968,B787-9,Boeing,296,2023,Active,GlobalWings
AC00969,B737-800,Boeing,189,2010,Maintenance,NovaAir
AC00970,A320neo,Airbus,186,2018,Active,PacificAero
AC00971,A320neo,Airbus,186,2011,Maintenance,SkyBridge
AC00972,A350-900,Airbus,325,2013,Active,AeroSky
AC00973,B787-9,Boeing,296,2014,Retired,AeroSky
AC00974,B787-9,Boeing,296,2015,Active,AeroSky
AC00975,A321neo,Airbus,244,2012,Active,NovaAir
AC00976,E190,Embraer,114,2006,Active,SkyBridge
AC00977,B787-9,Boeing,296,2005,Maintenance,NovaAir
AC00978,E190,Embraer,114,2022,Active,AeroSky
AC00979,A350-900,Airbus,325,2008,Active,AeroSky
AC00980,B737-800,Boeing,189,2006,Active,GlobalWings
AC00981,B787-9,Boeing,296,2017,Active,AtlanticJet
AC00982,A321neo,Airbus,244,2025,Active,PacificAero
AC00983,E190,Embraer,114,2013,Active,AeroSky
AC00984,B737-800,Boeing,189,2011,Maintenance,GlobalWings
AC00985,B737-800,Boeing,189,2015,Active,AeroSky
AC00986,A350-900,Airbus,325,2006,Active,PacificAero
AC00987,A350-900,Airbus,325,2017,Maintenance,AeroSky
AC00988,A350-900,Airbus,325,2018,Active,SkyBridge
AC00989,B787-9,Boeing,296,2010,Active,SkyBridge
AC00990,A350-900,Airbus,325,2009,Active,PacificAero
AC00991,E190,Embraer,114,2024,Active,AtlanticJet
AC00992,A320neo,Airbus,186,2020,Maintenance,PacificAero
AC00993,A350-900,Airbus,325,2006,Active,SkyBridge
AC00994,A350-900,Airbus,325,2009,Maintenance,GlobalWings
AC00995,A321neo,Airbus,244,2021,Active,AtlanticJet
AC00996,E190,Embraer,114,2005,Maintenance,AtlanticJet
AC00997,A320neo,Airbus,186,2020,Retired,NovaAir
AC00998,A320neo,Airbus,186,2023,Retired,SkyBridge
AC00999,A350-900,Airbus,325,2013,Active,AeroSky
AC01000,A320neo,Airbus,186,2024,Active,AeroSky
AC01001,A320neo,Airbus,186,2006,Maintenance,PacificAero
AC01002,A320neo,Airbus,186,2023,Active,GlobalWings
AC01003,B737-800,Boeing,189,2012,Active,SkyBridge
AC01004,E190,Embraer,114,2006,Active,PacificAero
AC01005,A350-900,Airbus,325,2016,Active,GlobalWings
AC01006,B787-9,Boeing,296,2023,Active,AtlanticJet
AC01007,A321neo,Airbus,244,2016,Retired,AeroSky
AC01008,A321neo,Airbus,244,2016,Retired,PacificAero
AC01009,B787-9,Boeing,296,2023,Active,NovaAir
AC01010,E190,Embraer,114,2014,Active,NovaAir
AC01011,B737-800,Boeing,189,2007,Active,GlobalWings
AC01012,E190,Embraer,114,2012,Active,PacificAero
AC01013,A350-900,Airbus,325,2005,Active,PacificAero
AC01014,B787-9,Boeing,296,2009,Active,AtlanticJet
AC01015,B787-9,Boeing,296,2015,Active,AeroSky
AC01016,B787-9,Boeing,296,2023,Active,AeroSky
AC01017,E190,Embraer,114,2016,Active,SkyBridge
AC01018,A321neo,Airbus,244,2017,Retired,AeroSky
AC01019,A320neo,Airbus,186,2014,Active,GlobalWings
AC01020,B787-9,Boeing,296,2018,Maintenance,AtlanticJet
AC01021,A320neo,Airbus,186,2010,Retired,AtlanticJet
AC01022,E190,Embraer,114,2016,Active,AtlanticJet
AC01023,E190,Embraer,114,2010,Maintenance,SkyBridge
AC01024,A321neo,Airbus,244,2014,Active,GlobalWings
AC01025,A321neo,Airbus,244,2005,Retired,NovaAir
AC01026,E190,Embraer,114,2006,Active,PacificAero
AC01027,A320neo,Airbus,186,2024,Active,AtlanticJet
AC01028,E190,Embraer,114,2008,Maintenance,GlobalWings
AC01029,A320neo,Airbus,186,2007,Active,SkyBridge
AC01030,A320neo,Airbus,186,2010,Active,AtlanticJet
AC01031,A321neo,Airbus,244,2025,Active,NovaAir
AC01032,B737-800,Boeing,189,2013,Active,GlobalWings
AC01033,A321neo,Airbus,244,2007,Active,SkyBridge
AC01034,B737-800,Boeing,189,2005,Active,NovaAir
AC01035,A350-900,Airbus,325,2018,Active,NovaAir
AC01036,A350-900,Airbus,325,2017,Active,PacificAero
AC01037,A350-900,Airbus,325,2008,Maintenance,PacificAero
AC01038,A321neo,Airbus,244,2012,Active,NovaAir
AC01039,B737-800,Boeing,189,2006,Active,AeroSky
AC01040,A320neo,Airbus,186,2013,Active,AeroSky
AC01041,A320neo,Airbus,186,2010,Maintenance,GlobalWings
AC01042,A321neo,Airbus,244,2007,Retired,AeroSky
AC01043,A320neo,Airbus,186,2024,Retired,NovaAir
AC01044,A321neo,Airbus,244,2005,Maintenance,AtlanticJet
AC01045,B787-9,Boeing,296,2024,Maintenance,GlobalWings
AC01046,B737-800,Boeing,189,2008,Active,GlobalWings
AC01047,B787-9,Boeing,296,2018,Retired,AtlanticJet
AC01048,A321neo,Airbus,244,2022,Active,AtlanticJet
AC01049,A320neo,Airbus,186,2014,Active,AeroSky
AC01050,B737-800,Boeing,189,2017,Retired,PacificAero
AC01051,A350-900,Airbus,325,2009,Active,SkyBridge
AC01052,B737-800,Boeing,189,2018,Active,SkyBridge
AC01053,A321neo,Airbus,244,2025,Retired,NovaAir
AC01054,B787-9,Boeing,296,2008,Active,GlobalWings
AC01055,B787-9,Boeing,296,2025,Active,AeroSky
AC01056,A350-900,Airbus,325,2008,Active,NovaAir
AC01057,A350-900,Airbus,325,2020,Active,AeroSky
AC01058,A321neo,Airbus,244,2022,Maintenance,GlobalWings
AC01059,A320neo,Airbus,186,2017,Active,GlobalWings
AC01060,A350-900,Airbus,325,2006,Active,NovaAir
AC01061,A350-900,Airbus,325,2013,Active,SkyBridge
AC01062,E190,Embraer,114,2006,Active,AtlanticJet
AC01063,A321neo,Airbus,244,2008,Active,AtlanticJet
AC01064,A320neo,Airbus,186,2022,Maintenance,PacificAero
AC01065,B787-9,Boeing,296,2022,Active,NovaAir
AC01066,E190,Embraer,114,2018,Retired,AtlanticJet
AC01067,A350-900,Airbus,325,2023,Active,NovaAir
AC01068,A320neo,Airbus,186,2007,Maintenance,AtlanticJet
AC01069,B737-800,Boeing,189,2021,Retired,PacificAero
AC01070,E190,Embraer,114,2024,Active,AeroSky
AC01071,A350-900,Airbus,325,2010,Active,GlobalWings
AC01072,B787-9,Boeing,296,2009,Active,NovaAir
AC01073,B737-800,Boeing,189,2018,Active,AtlanticJet
AC01074,B787-9,Boeing,296,2024,Active,SkyBridge
AC01075,A321neo,Airbus,244,2007,Active,NovaAir
AC01076,E190,Embraer,114,2017,Retired,SkyBridge
AC01077,A320neo,Airbus,186,2021,Maintenance,AeroSky
AC01078,A321neo,Airbus,244,2024,Retired,PacificAero
AC01079,A350-900,Airbus,325,2008,Maintenance,GlobalWings
AC01080,B787-9,Boeing,296,2023,Retired,PacificAero
AC01081,B737-800,Boeing,189,2008,Retired,AeroSky
AC01082,A320neo,Airbus,186,2022,Active,NovaAir
AC01083,A320neo,Airbus,186,2017,Maintenance,PacificAero
AC01084,E190,Embraer,114,2020,Active,GlobalWings
AC01085,A320neo,Airbus,186,2017,Active,PacificAero
AC01086,E190,Embraer,114,2017,Active,NovaAir
AC01087,A320neo,Airbus,186,2012,Active,AtlanticJet
AC01088,A350-900,Airbus,325,2013,Active,AeroSky
AC01089,A320neo,Airbus,186,2014,Active,SkyBridge
AC01090,A350-900,Airbus,325,2008,Active,GlobalWings
AC01091,A320neo,Airbus,186,2019,Active,SkyBridge
AC01092,A321neo,Airbus,244,2018,Retired,AtlanticJet
AC01093,B737-800,Boeing,189,2011,Maintenance,GlobalWings
AC01094,A350-900,Airbus,325,2020,Retired,SkyBridge
AC01095,B737-800,Boeing,189,2021,Active,AeroSky
AC01096,A320neo,Airbus,186,2021,Maintenance,GlobalWings
AC01097,E190,Embraer,114,2023,Active,GlobalWings
AC01098,B787-9,Boeing,296,2011,Active,GlobalWings
AC01099,B737-800,Boeing,189,2019,Active,SkyBridge
AC01100,A321neo,Airbus,244,2011,Active,SkyBridge
AC01101,A350-900,Airbus,325,2021,Maintenance,AtlanticJet
AC01102,B737-800,Boeing,189,2005,Active,SkyBridge
AC01103,A350-900,Airbus,325,2024,Maintenance,GlobalWings
AC01104,A350-900,Airbus,325,2023,Retired,SkyBridge
AC01105,A320neo,Airbus,186,2010,Active,AtlanticJet
AC01106,A321neo,Airbus,244,2007,Active,AeroSky
AC01107,A350-900,Airbus,325,2006,Active,PacificAero
AC01108,B787-9,Boeing,296,2012,Active,AtlanticJet
AC01109,B787-9,Boeing,296,2013,Maintenance,PacificAero
AC01110,B737-800,Boeing,189,2005,Maintenance,GlobalWings
AC01111,A321neo,Airbus,244,2010,Retired,AeroSky
AC01112,B787-9,Boeing,296,2013,Retired,SkyBridge
AC01113,A321neo,Airbus,244,2025,Active,NovaAir
AC01114,A350-900,Airbus,325,2016,Maintenance,SkyBridge
AC01115,B787-9,Boeing,296,2019,Active,AtlanticJet
AC01116,E190,Embraer,114,2024,Maintenance,PacificAero
AC01117,B737-800,Boeing,189,2005,Retired,AtlanticJet
AC01118,A320neo,Airbus,186,2022,Retired,PacificAero
AC01119,A320neo,Airbus,186,2014,Active,NovaAir
AC01120,B737-800,Boeing,189,2015,Active,AtlanticJet
AC01121,A320neo,Airbus,186,2013,Active,AtlanticJet
AC01122,A321neo,Airbus,244,2025,Active,GlobalWings
AC01123,B787-9,Boeing,296,2021,Active,AeroSky
AC01124,E190,Embraer,114,2017,Active,AtlanticJet
AC01125,B787-9,Boeing,296,2005,Maintenance,SkyBridge
AC01126,A320neo,Airbus,186,2018,Maintenance,NovaAir
AC01127,A321neo,Airbus,244,2006,Retired,AtlanticJet
AC01128,E190,Embraer,114,2011,Active,AtlanticJet
AC01129,A321neo,Airbus,244,2012,Retired,AtlanticJet
AC01130,A350-900,Airbus,325,2016,Retired,SkyBridge
AC01131,B787-9,Boeing,296,2022,Active,SkyBridge
AC01132,B737-800,Boeing,189,2020,Active,AtlanticJet
AC01133,A320neo,Airbus,186,2022,Active,AtlanticJet
AC01134,A320neo,Airbus,186,2025,Active,GlobalWings
AC01135,A320neo,Airbus,186,2012,Active,NovaAir
AC01136,A320neo,Airbus,186,2016,Active,PacificAero
AC01137,A320neo,Airbus,186,2019,Active,NovaAir
AC01138,B737-800,Boeing,189,2025,Retired,PacificAero
AC01139,E190,Embraer,114,2007,Maintenance,GlobalWings
AC01140,E190,Embraer,114,2008,Maintenance,PacificAero
AC01141,A320neo,Airbus,186,2018,Active,GlobalWings
AC01142,B787-9,Boeing,296,2011,Active,NovaAir
AC01143,E190,Embraer,114,2019,Active,SkyBridge
AC01144,A321neo,Airbus,244,2010,Active,NovaAir
AC01145,A320neo,Airbus,186,2025,Active,SkyBridge
AC01146,A321neo,Airbus,244,2006,Active,NovaAir
AC01147,A320neo,Airbus,186,2011,Active,PacificAero
AC01148,B787-9,Boeing,296,2020,Active,GlobalWings
AC01149,E190,Embraer,114,2018,Maintenance,NovaAir
AC01150,A350-900,Airbus,325,2020,Maintenance,AeroSky
AC01151,B737-800,Boeing,189,2022,Active,AtlanticJet
AC01152,A320neo,Airbus,186,2005,Active,PacificAero
AC01153,B787-9,Boeing,296,2005,Active,AtlanticJet
AC01154,A321neo,Airbus,244,2012,Active,AtlanticJet
AC01155,A320neo,Airbus,186,2014,Active,AeroSky
AC01156,A350-900,Airbus,325,2021,Retired,SkyBridge
AC01157,B787-9,Boeing,296,2007,Active,SkyBridge
AC01158,A320neo,Airbus,186,2019,Retired,PacificAero
AC01159,E190,Embraer,114,2015,Maintenance,AtlanticJet
AC01160,B787-9,Boeing,296,2015,Maintenance,SkyBridge
AC01161,B787-9,Boeing,296,2010,Maintenance,AeroSky
AC01162,B787-9,Boeing,296,2012,Active,GlobalWings
AC01163,A321neo,Airbus,244,2005,Retired,PacificAero
AC01164,B787-9,Boeing,296,2008,Active,AtlanticJet
AC01165,A321neo,Airbus,244,2006,Maintenance,AtlanticJet
AC01166,A320neo,Airbus,186,2022,Retired,AeroSky
AC01167,E190,Embraer,114,2006,Active,AtlanticJet
AC01168,B737-800,Boeing,189,2006,Active,NovaAir
AC01169,A350-900,Airbus,325,2017,Active,PacificAero
AC01170,A320neo,Airbus,186,2020,Active,GlobalWings
AC01171,A321neo,Airbus,244,2025,Active,SkyBridge
AC01172,A350-900,Airbus,325,2008,Retired,SkyBridge
AC01173,E190,Embraer,114,2024,Active,NovaAir
AC01174,B737-800,Boeing,189,2021,Retired,AeroSky
AC01175,A320neo,Airbus,186,2008,Active,NovaAir
AC01176,B787-9,Boeing,296,2024,Active,SkyBridge
AC01177,E190,Embraer,114,2011,Active,AtlanticJet
AC01178,A350-900,Airbus,325,2014,Active,AeroSky
AC01179,E190,Embraer,114,2020,Active,AtlanticJet
AC01180,A350-900,Airbus,325,2015,Active,AeroSky
AC01181,B737-800,Boeing,189,2007,Active,PacificAero
AC01182,A321neo,Airbus,244,2020,Active,AeroSky
AC01183,E190,Embraer,114,2007,Active,SkyBridge
AC01184,A321neo,Airbus,244,2012,Maintenance,SkyBridge
AC01185,A320neo,Airbus,186,2019,Active,AeroSky
AC01186,B787-9,Boeing,296,2006,Active,SkyBridge
AC01187,A321neo,Airbus,244,2015,Maintenance,AtlanticJet
AC01188,B737-800,Boeing,189,2008,Active,AeroSky
AC01189,B787-9,Boeing,296,2025,Active,SkyBridge
AC01190,A320neo,Airbus,186,2019,Retired,SkyBridge
AC01191,A321neo,Airbus,244,2007,Active,SkyBridge
AC01192,B787-9,Boeing,296,2008,Maintenance,NovaAir
AC01193,A350-900,Airbus,325,2013,Maintenance,AtlanticJet
AC01194,A350-900,Airbus,325,2018,Active,AeroSky
AC01195,B787-9,Boeing,296,2006,Active,AeroSky
AC01196,A350-900,Airbus,325,2023,Maintenance,PacificAero
AC01197,A321neo,Airbus,244,2019,Active,PacificAero
AC01198,A350-900,Airbus,325,2016,Retired,AeroSky
AC01199,A321neo,Airbus,244,2009,Maintenance,NovaAir
AC01200,B737-800,Boeing,189,2018,Maintenance,AeroSky
